path	source commit	classification	reason	baseline already has it?	release candidate needs it?	runtime impact	migration impact	owner-approved Staff feature
next.config.mjs	baa0f96 narrow file/hunk extraction	BUILD_REQUIRED	Approved Staff V2 delta isolated without wholesale monolith ancestry	YES	YES (provisional; migration-blocked)	build/runtime selection	NONE	Shared Staff runtime
package-lock.json	baa0f96 narrow file/hunk extraction	BUILD_REQUIRED	Approved Staff V2 delta isolated without wholesale monolith ancestry	YES	YES (provisional; migration-blocked)	build/runtime selection	NONE	Shared Staff runtime
package.json	MANUAL_RECONCILIATION after baa0f96 extraction	BUILD_REQUIRED	Approved Staff V2 content reconciled against c75 baseline contracts/tests	YES	YES (provisional; migration-blocked)	build/runtime selection	NONE	Shared Staff runtime
pnpm-lock.yaml	baa0f96 narrow file/hunk extraction	BUILD_REQUIRED	Approved Staff V2 delta isolated without wholesale monolith ancestry	YES	YES (provisional; migration-blocked)	build/runtime selection	NONE	Shared Staff runtime
scripts/chrome-87-compat-loader.cjs	baa0f96 narrow file/hunk extraction	BUILD_REQUIRED	Approved Staff V2 delta isolated without wholesale monolith ancestry	NO	YES (provisional; migration-blocked)	build/runtime selection	NONE	Shared Staff runtime
scripts/run-staff-app.mjs	baa0f96 narrow file/hunk extraction	BUILD_REQUIRED	Approved Staff V2 delta isolated without wholesale monolith ancestry	YES	YES (provisional; migration-blocked)	build/runtime selection	NONE	Shared Staff runtime
src/app/api/employee-appointments/route.ts	baa0f96 narrow file/hunk extraction	STAFF_SHARED_BACKEND	Approved Staff V2 delta isolated without wholesale monolith ancestry	YES	YES (provisional; migration-blocked)	shared Staff read/write path	NONE	Appointments
src/app/api/employee-attendance/corrections/route.ts	baa0f96 narrow file/hunk extraction	STAFF_SHARED_BACKEND	Approved Staff V2 delta isolated without wholesale monolith ancestry	NO	YES (provisional; migration-blocked)	shared Staff read/write path	NONE	Attendance / Corrections
src/app/api/employee-attendance/exception/route.ts	baa0f96 narrow file/hunk extraction	STAFF_SHARED_BACKEND	Approved Staff V2 delta isolated without wholesale monolith ancestry	YES	YES (provisional; migration-blocked)	shared Staff read/write path	NONE	Attendance / Corrections
src/app/api/employee-auth/avatar/route.ts	baa0f96 narrow file/hunk extraction	STAFF_AUTH	Approved Staff V2 delta isolated without wholesale monolith ancestry	YES	YES (provisional; migration-blocked)	Staff auth/session	NONE	Auth / Session
src/app/api/employee-auth/logout/route.ts	baa0f96 narrow file/hunk extraction	STAFF_AUTH	Approved Staff V2 delta isolated without wholesale monolith ancestry	YES	YES (provisional; migration-blocked)	Staff auth/session	NONE	Auth / Session
src/app/api/local-uat/session/route.ts	baa0f96 narrow file/hunk extraction	STAFF_TEST	Approved Staff V2 delta isolated without wholesale monolith ancestry	NO	YES (provisional; migration-blocked)	test-only	NONE	Shared Staff runtime
src/app/staff/appointments/error.tsx	baa0f96 narrow file/hunk extraction	STAFF_PRESENTATION	Approved Staff V2 delta isolated without wholesale monolith ancestry	YES	YES (provisional; migration-blocked)	Staff 3000 UI/routes	NONE	Appointments
src/app/staff/appointments/loading.tsx	baa0f96 narrow file/hunk extraction	STAFF_PRESENTATION	Approved Staff V2 delta isolated without wholesale monolith ancestry	YES	YES (provisional; migration-blocked)	Staff 3000 UI/routes	NONE	Appointments
src/app/staff/appointments/page.tsx	baa0f96 narrow file/hunk extraction	STAFF_PRESENTATION	Approved Staff V2 delta isolated without wholesale monolith ancestry	YES	YES (provisional; migration-blocked)	Staff 3000 UI/routes	NONE	Appointments
src/app/staff/approvals/[domain]/[requestId]/page.tsx	baa0f96 narrow file/hunk extraction	STAFF_PRESENTATION	Approved Staff V2 delta isolated without wholesale monolith ancestry	YES	YES (provisional; migration-blocked)	Staff 3000 UI/routes	NONE	Approval Center
src/app/staff/approvals/error.tsx	baa0f96 narrow file/hunk extraction	STAFF_PRESENTATION	Approved Staff V2 delta isolated without wholesale monolith ancestry	NO	YES (provisional; migration-blocked)	Staff 3000 UI/routes	NONE	Approval Center
src/app/staff/approvals/history/[domain]/[sourceId]/page.tsx	baa0f96 narrow file/hunk extraction	STAFF_PRESENTATION	Approved Staff V2 delta isolated without wholesale monolith ancestry	NO	YES (provisional; migration-blocked)	Staff 3000 UI/routes	NONE	Attendance / Corrections
src/app/staff/approvals/loading.tsx	baa0f96 narrow file/hunk extraction	STAFF_PRESENTATION	Approved Staff V2 delta isolated without wholesale monolith ancestry	YES	YES (provisional; migration-blocked)	Staff 3000 UI/routes	NONE	Approval Center
src/app/staff/approvals/page.tsx	baa0f96 narrow file/hunk extraction	STAFF_PRESENTATION	Approved Staff V2 delta isolated without wholesale monolith ancestry	YES	YES (provisional; migration-blocked)	Staff 3000 UI/routes	NONE	Approval Center
src/app/staff/commission/error.tsx	baa0f96 narrow file/hunk extraction	STAFF_PRESENTATION	Approved Staff V2 delta isolated without wholesale monolith ancestry	NO	YES (provisional; migration-blocked)	Staff 3000 UI/routes	NONE	Commission
src/app/staff/commission/loading.tsx	baa0f96 narrow file/hunk extraction	STAFF_PRESENTATION	Approved Staff V2 delta isolated without wholesale monolith ancestry	NO	YES (provisional; migration-blocked)	Staff 3000 UI/routes	NONE	Commission
src/app/staff/commission/page.tsx	baa0f96 narrow file/hunk extraction	STAFF_PRESENTATION	Approved Staff V2 delta isolated without wholesale monolith ancestry	YES	YES (provisional; migration-blocked)	Staff 3000 UI/routes	NONE	Commission
src/app/staff/device/page.tsx	baa0f96 narrow file/hunk extraction	STAFF_PRESENTATION	Approved Staff V2 delta isolated without wholesale monolith ancestry	YES	YES (provisional; migration-blocked)	Staff 3000 UI/routes	NONE	Profile / Workplace
src/app/staff/error.tsx	baa0f96 narrow file/hunk extraction	STAFF_PRESENTATION	Approved Staff V2 delta isolated without wholesale monolith ancestry	YES	YES (provisional; migration-blocked)	Staff 3000 UI/routes	NONE	Shared Staff runtime
src/app/staff/history/corrections/error.tsx	baa0f96 narrow file/hunk extraction	STAFF_PRESENTATION	Approved Staff V2 delta isolated without wholesale monolith ancestry	NO	YES (provisional; migration-blocked)	Staff 3000 UI/routes	NONE	Attendance / Corrections
src/app/staff/history/corrections/loading.tsx	baa0f96 narrow file/hunk extraction	STAFF_PRESENTATION	Approved Staff V2 delta isolated without wholesale monolith ancestry	NO	YES (provisional; migration-blocked)	Staff 3000 UI/routes	NONE	Attendance / Corrections
src/app/staff/history/corrections/page.tsx	baa0f96 narrow file/hunk extraction	STAFF_PRESENTATION	Approved Staff V2 delta isolated without wholesale monolith ancestry	NO	YES (provisional; migration-blocked)	Staff 3000 UI/routes	NONE	Attendance / Corrections
src/app/staff/history/loading.tsx	baa0f96 narrow file/hunk extraction	STAFF_PRESENTATION	Approved Staff V2 delta isolated without wholesale monolith ancestry	NO	YES (provisional; migration-blocked)	Staff 3000 UI/routes	NONE	Attendance / Corrections
src/app/staff/history/page.tsx	baa0f96 narrow file/hunk extraction	STAFF_PRESENTATION	Approved Staff V2 delta isolated without wholesale monolith ancestry	YES	YES (provisional; migration-blocked)	Staff 3000 UI/routes	NONE	Attendance / Corrections
src/app/staff/history/records/error.tsx	baa0f96 narrow file/hunk extraction	STAFF_PRESENTATION	Approved Staff V2 delta isolated without wholesale monolith ancestry	NO	YES (provisional; migration-blocked)	Staff 3000 UI/routes	NONE	Attendance / Corrections
src/app/staff/history/records/loading.tsx	baa0f96 narrow file/hunk extraction	STAFF_PRESENTATION	Approved Staff V2 delta isolated without wholesale monolith ancestry	NO	YES (provisional; migration-blocked)	Staff 3000 UI/routes	NONE	Attendance / Corrections
src/app/staff/history/records/page.tsx	baa0f96 narrow file/hunk extraction	STAFF_PRESENTATION	Approved Staff V2 delta isolated without wholesale monolith ancestry	NO	YES (provisional; migration-blocked)	Staff 3000 UI/routes	NONE	Attendance / Corrections
src/app/staff/layout.tsx	baa0f96 narrow file/hunk extraction	STAFF_PRESENTATION	Approved Staff V2 delta isolated without wholesale monolith ancestry	YES	YES (provisional; migration-blocked)	Staff 3000 UI/routes	NONE	Shared Staff runtime
src/app/staff/leave/error.tsx	baa0f96 narrow file/hunk extraction	STAFF_PRESENTATION	Approved Staff V2 delta isolated without wholesale monolith ancestry	NO	YES (provisional; migration-blocked)	Staff 3000 UI/routes	NONE	Leave
src/app/staff/leave/loading.tsx	baa0f96 narrow file/hunk extraction	STAFF_PRESENTATION	Approved Staff V2 delta isolated without wholesale monolith ancestry	NO	YES (provisional; migration-blocked)	Staff 3000 UI/routes	NONE	Leave
src/app/staff/leave/new/page.tsx	baa0f96 narrow file/hunk extraction	STAFF_PRESENTATION	Approved Staff V2 delta isolated without wholesale monolith ancestry	YES	YES (provisional; migration-blocked)	Staff 3000 UI/routes	NONE	Leave
src/app/staff/loading.tsx	baa0f96 narrow file/hunk extraction	STAFF_PRESENTATION	Approved Staff V2 delta isolated without wholesale monolith ancestry	YES	YES (provisional; migration-blocked)	Staff 3000 UI/routes	NONE	Shared Staff runtime
src/app/staff/login/page.tsx	baa0f96 narrow file/hunk extraction	STAFF_AUTH	Approved Staff V2 delta isolated without wholesale monolith ancestry	YES	YES (provisional; migration-blocked)	Staff auth/session	NONE	Auth / Session
src/app/staff/module-not-enabled/page.tsx	baa0f96 narrow file/hunk extraction	STAFF_PRESENTATION	Approved Staff V2 delta isolated without wholesale monolith ancestry	YES	YES (provisional; migration-blocked)	Staff 3000 UI/routes	NONE	Shared Staff runtime
src/app/staff/page.tsx	baa0f96 narrow file/hunk extraction	STAFF_PRESENTATION	Approved Staff V2 delta isolated without wholesale monolith ancestry	YES	YES (provisional; migration-blocked)	Staff 3000 UI/routes	NONE	Shared Staff runtime
src/app/staff/pay/error.tsx	baa0f96 narrow file/hunk extraction	STAFF_PRESENTATION	Approved Staff V2 delta isolated without wholesale monolith ancestry	NO	YES (provisional; migration-blocked)	Staff 3000 UI/routes	NONE	Pay
src/app/staff/pay/loading.tsx	baa0f96 narrow file/hunk extraction	STAFF_PRESENTATION	Approved Staff V2 delta isolated without wholesale monolith ancestry	NO	YES (provisional; migration-blocked)	Staff 3000 UI/routes	NONE	Pay
src/app/staff/pay/page.tsx	baa0f96 narrow file/hunk extraction	STAFF_PRESENTATION	Approved Staff V2 delta isolated without wholesale monolith ancestry	YES	YES (provisional; migration-blocked)	Staff 3000 UI/routes	NONE	Pay
src/app/staff/payslips/[publicationId]/route.ts	baa0f96 narrow file/hunk extraction	STAFF_PRESENTATION	Approved Staff V2 delta isolated without wholesale monolith ancestry	YES	YES (provisional; migration-blocked)	Staff 3000 UI/routes	NONE	Payslips
src/app/staff/payslips/error.tsx	baa0f96 narrow file/hunk extraction	STAFF_PRESENTATION	Approved Staff V2 delta isolated without wholesale monolith ancestry	YES	YES (provisional; migration-blocked)	Staff 3000 UI/routes	NONE	Payslips
src/app/staff/payslips/loading.tsx	baa0f96 narrow file/hunk extraction	STAFF_PRESENTATION	Approved Staff V2 delta isolated without wholesale monolith ancestry	YES	YES (provisional; migration-blocked)	Staff 3000 UI/routes	NONE	Payslips
src/app/staff/payslips/page.tsx	baa0f96 narrow file/hunk extraction	STAFF_PRESENTATION	Approved Staff V2 delta isolated without wholesale monolith ancestry	YES	YES (provisional; migration-blocked)	Staff 3000 UI/routes	NONE	Payslips
src/app/staff/profile/error.tsx	baa0f96 narrow file/hunk extraction	STAFF_PRESENTATION	Approved Staff V2 delta isolated without wholesale monolith ancestry	NO	YES (provisional; migration-blocked)	Staff 3000 UI/routes	NONE	Profile / Workplace
src/app/staff/profile/loading.tsx	baa0f96 narrow file/hunk extraction	STAFF_PRESENTATION	Approved Staff V2 delta isolated without wholesale monolith ancestry	NO	YES (provisional; migration-blocked)	Staff 3000 UI/routes	NONE	Profile / Workplace
src/app/staff/profile/page.tsx	baa0f96 narrow file/hunk extraction	STAFF_PRESENTATION	Approved Staff V2 delta isolated without wholesale monolith ancestry	YES	YES (provisional; migration-blocked)	Staff 3000 UI/routes	NONE	Profile / Workplace
src/app/staff/requests/attendance-corrections/actions.ts	baa0f96 narrow file/hunk extraction	STAFF_PRESENTATION	Approved Staff V2 delta isolated without wholesale monolith ancestry	NO	YES (provisional; migration-blocked)	Staff 3000 UI/routes	NONE	Attendance / Corrections
src/app/staff/requests/attendance-corrections/error.tsx	baa0f96 narrow file/hunk extraction	STAFF_PRESENTATION	Approved Staff V2 delta isolated without wholesale monolith ancestry	NO	YES (provisional; migration-blocked)	Staff 3000 UI/routes	NONE	Attendance / Corrections
src/app/staff/requests/attendance-corrections/loading.tsx	baa0f96 narrow file/hunk extraction	STAFF_PRESENTATION	Approved Staff V2 delta isolated without wholesale monolith ancestry	NO	YES (provisional; migration-blocked)	Staff 3000 UI/routes	NONE	Attendance / Corrections
src/app/staff/requests/attendance-corrections/page.tsx	baa0f96 narrow file/hunk extraction	STAFF_PRESENTATION	Approved Staff V2 delta isolated without wholesale monolith ancestry	NO	YES (provisional; migration-blocked)	Staff 3000 UI/routes	NONE	Attendance / Corrections
src/app/staff/requests/loading.tsx	baa0f96 narrow file/hunk extraction	STAFF_PRESENTATION	Approved Staff V2 delta isolated without wholesale monolith ancestry	NO	YES (provisional; migration-blocked)	Staff 3000 UI/routes	NONE	Shared Staff runtime
src/app/staff/requests/overtime/[finalResultId]/page.tsx	baa0f96 narrow file/hunk extraction	STAFF_PRESENTATION	Approved Staff V2 delta isolated without wholesale monolith ancestry	NO	YES (provisional; migration-blocked)	Staff 3000 UI/routes	NONE	Timesheet & OT
src/app/staff/requests/overtime/actions.ts	baa0f96 narrow file/hunk extraction	STAFF_PRESENTATION	Approved Staff V2 delta isolated without wholesale monolith ancestry	NO	YES (provisional; migration-blocked)	Staff 3000 UI/routes	NONE	Timesheet & OT
src/app/staff/requests/overtime/error.tsx	baa0f96 narrow file/hunk extraction	STAFF_PRESENTATION	Approved Staff V2 delta isolated without wholesale monolith ancestry	NO	YES (provisional; migration-blocked)	Staff 3000 UI/routes	NONE	Timesheet & OT
src/app/staff/requests/overtime/loading.tsx	baa0f96 narrow file/hunk extraction	STAFF_PRESENTATION	Approved Staff V2 delta isolated without wholesale monolith ancestry	NO	YES (provisional; migration-blocked)	Staff 3000 UI/routes	NONE	Timesheet & OT
src/app/staff/requests/overtime/page.tsx	baa0f96 narrow file/hunk extraction	STAFF_PRESENTATION	Approved Staff V2 delta isolated without wholesale monolith ancestry	NO	YES (provisional; migration-blocked)	Staff 3000 UI/routes	NONE	Timesheet & OT
src/app/staff/requests/page.tsx	baa0f96 narrow file/hunk extraction	STAFF_PRESENTATION	Approved Staff V2 delta isolated without wholesale monolith ancestry	YES	YES (provisional; migration-blocked)	Staff 3000 UI/routes	NONE	Shared Staff runtime
src/app/staff/roster/error.tsx	baa0f96 narrow file/hunk extraction	STAFF_PRESENTATION	Approved Staff V2 delta isolated without wholesale monolith ancestry	YES	YES (provisional; migration-blocked)	Staff 3000 UI/routes	NONE	Schedule
src/app/staff/roster/loading.tsx	baa0f96 narrow file/hunk extraction	STAFF_PRESENTATION	Approved Staff V2 delta isolated without wholesale monolith ancestry	YES	YES (provisional; migration-blocked)	Staff 3000 UI/routes	NONE	Schedule
src/app/staff/roster/page.tsx	baa0f96 narrow file/hunk extraction	STAFF_PRESENTATION	Approved Staff V2 delta isolated without wholesale monolith ancestry	YES	YES (provisional; migration-blocked)	Staff 3000 UI/routes	NONE	Schedule
src/app/staff/select-workplace/page.tsx	baa0f96 narrow file/hunk extraction	STAFF_PRESENTATION	Approved Staff V2 delta isolated without wholesale monolith ancestry	YES	YES (provisional; migration-blocked)	Staff 3000 UI/routes	NONE	Profile / Workplace
src/app/staff/staff-consolidation.css	baa0f96 narrow file/hunk extraction	STAFF_PRESENTATION	Approved Staff V2 delta isolated without wholesale monolith ancestry	NO	YES (provisional; migration-blocked)	Staff 3000 UI/routes	NONE	Shared Staff runtime
src/app/staff/staff.css	baa0f96 narrow file/hunk extraction	STAFF_PRESENTATION	Approved Staff V2 delta isolated without wholesale monolith ancestry	YES	YES (provisional; migration-blocked)	Staff 3000 UI/routes	NONE	Shared Staff runtime
src/app/staff/timesheet/error.tsx	baa0f96 narrow file/hunk extraction	STAFF_PRESENTATION	Approved Staff V2 delta isolated without wholesale monolith ancestry	YES	YES (provisional; migration-blocked)	Staff 3000 UI/routes	NONE	Timesheet & OT
src/app/staff/timesheet/loading.tsx	baa0f96 narrow file/hunk extraction	STAFF_PRESENTATION	Approved Staff V2 delta isolated without wholesale monolith ancestry	YES	YES (provisional; migration-blocked)	Staff 3000 UI/routes	NONE	Timesheet & OT
src/app/staff/timesheet/page.tsx	baa0f96 narrow file/hunk extraction	STAFF_PRESENTATION	Approved Staff V2 delta isolated without wholesale monolith ancestry	YES	YES (provisional; migration-blocked)	Staff 3000 UI/routes	NONE	Timesheet & OT
src/app/staff/verify/page.tsx	baa0f96 narrow file/hunk extraction	STAFF_AUTH	Approved Staff V2 delta isolated without wholesale monolith ancestry	YES	YES (provisional; migration-blocked)	Staff auth/session	NONE	Auth / Session
src/app/uploads/staff-app-logos/[filename]/route.ts	baa0f96 narrow file/hunk extraction	STAFF_PWA	Approved Staff V2 delta isolated without wholesale monolith ancestry	YES	YES (provisional; migration-blocked)	Staff PWA/branding	NONE	Staff PWA
src/components/staff-pwa/mobile-approval-form.tsx	baa0f96 narrow file/hunk extraction	STAFF_PWA	Approved Staff V2 delta isolated without wholesale monolith ancestry	YES	YES (provisional; migration-blocked)	Staff PWA/branding	NONE	Approval Center
src/components/staff-pwa/mobile-overtime-approval-form.tsx	baa0f96 narrow file/hunk extraction	STAFF_PWA	Approved Staff V2 delta isolated without wholesale monolith ancestry	NO	YES (provisional; migration-blocked)	Staff PWA/branding	NONE	Timesheet & OT
src/components/staff-pwa/staff-app-icon.tsx	baa0f96 narrow file/hunk extraction	STAFF_PWA	Approved Staff V2 delta isolated without wholesale monolith ancestry	YES	YES (provisional; migration-blocked)	Staff PWA/branding	NONE	Staff PWA
src/components/staff-pwa/staff-appointment-calendar.tsx	baa0f96 narrow file/hunk extraction	STAFF_PWA	Approved Staff V2 delta isolated without wholesale monolith ancestry	YES	YES (provisional; migration-blocked)	Staff PWA/branding	NONE	Appointments
src/components/staff-pwa/staff-approval-center-v2.module.css	baa0f96 narrow file/hunk extraction	STAFF_PWA	Approved Staff V2 delta isolated without wholesale monolith ancestry	NO	YES (provisional; migration-blocked)	Staff PWA/branding	NONE	Approval Center
src/components/staff-pwa/staff-approval-sheet.tsx	baa0f96 narrow file/hunk extraction	STAFF_PWA	Approved Staff V2 delta isolated without wholesale monolith ancestry	NO	YES (provisional; migration-blocked)	Staff PWA/branding	NONE	Approval Center
src/components/staff-pwa/staff-attendance-corrections-v2.module.css	baa0f96 narrow file/hunk extraction	STAFF_PWA	Approved Staff V2 delta isolated without wholesale monolith ancestry	NO	YES (provisional; migration-blocked)	Staff PWA/branding	NONE	Attendance / Corrections
src/components/staff-pwa/staff-attendance-corrections-v2.tsx	baa0f96 narrow file/hunk extraction	STAFF_PWA	Approved Staff V2 delta isolated without wholesale monolith ancestry	NO	YES (provisional; migration-blocked)	Staff PWA/branding	NONE	Attendance / Corrections
src/components/staff-pwa/staff-attendance-history-v2.module.css	MANUAL_RECONCILIATION after baa0f96 extraction	STAFF_PWA	Approved Staff V2 content reconciled against c75 baseline contracts/tests	NO	YES (provisional; migration-blocked)	Staff PWA/branding	NONE	Attendance / Corrections
src/components/staff-pwa/staff-auth.tsx	baa0f96 narrow file/hunk extraction	STAFF_AUTH	Approved Staff V2 delta isolated without wholesale monolith ancestry	YES	YES (provisional; migration-blocked)	Staff auth/session	NONE	Auth / Session
src/components/staff-pwa/staff-avatar-upload.tsx	baa0f96 narrow file/hunk extraction	STAFF_PWA	Approved Staff V2 delta isolated without wholesale monolith ancestry	YES	YES (provisional; migration-blocked)	Staff PWA/branding	NONE	Staff PWA
src/components/staff-pwa/staff-claims.module.css	baa0f96 narrow file/hunk extraction	STAFF_PWA	Approved Staff V2 delta isolated without wholesale monolith ancestry	YES	YES (provisional; migration-blocked)	Staff PWA/branding	NONE	Claims
src/components/staff-pwa/staff-claims.tsx	baa0f96 narrow file/hunk extraction	STAFF_PWA	Approved Staff V2 delta isolated without wholesale monolith ancestry	YES	YES (provisional; migration-blocked)	Staff PWA/branding	NONE	Claims
src/components/staff-pwa/staff-commission-v2.module.css	baa0f96 narrow file/hunk extraction	STAFF_PWA	Approved Staff V2 delta isolated without wholesale monolith ancestry	NO	YES (provisional; migration-blocked)	Staff PWA/branding	NONE	Commission
src/components/staff-pwa/staff-commission-v2.tsx	baa0f96 narrow file/hunk extraction	STAFF_PWA	Approved Staff V2 delta isolated without wholesale monolith ancestry	NO	YES (provisional; migration-blocked)	Staff PWA/branding	NONE	Commission
src/components/staff-pwa/staff-date-picker.module.css	baa0f96 narrow file/hunk extraction	STAFF_PWA	Approved Staff V2 delta isolated without wholesale monolith ancestry	YES	YES (provisional; migration-blocked)	Staff PWA/branding	NONE	Staff PWA
src/components/staff-pwa/staff-date-picker.tsx	baa0f96 narrow file/hunk extraction	STAFF_PWA	Approved Staff V2 delta isolated without wholesale monolith ancestry	YES	YES (provisional; migration-blocked)	Staff PWA/branding	NONE	Staff PWA
src/components/staff-pwa/staff-history.tsx	MANUAL_RECONCILIATION after baa0f96 extraction	STAFF_PWA	Approved Staff V2 content reconciled against c75 baseline contracts/tests	YES	YES (provisional; migration-blocked)	Staff PWA/branding	NONE	Staff PWA
src/components/staff-pwa/staff-home-attendance-view.ts	baa0f96 narrow file/hunk extraction	STAFF_PWA	Approved Staff V2 delta isolated without wholesale monolith ancestry	NO	YES (provisional; migration-blocked)	Staff PWA/branding	NONE	Home
src/components/staff-pwa/staff-home-overview.tsx	baa0f96 narrow file/hunk extraction	STAFF_PWA	Approved Staff V2 delta isolated without wholesale monolith ancestry	YES	YES (provisional; migration-blocked)	Staff PWA/branding	NONE	Home
src/components/staff-pwa/staff-leave.module.css	baa0f96 narrow file/hunk extraction	STAFF_PWA	Approved Staff V2 delta isolated without wholesale monolith ancestry	YES	YES (provisional; migration-blocked)	Staff PWA/branding	NONE	Leave
src/components/staff-pwa/staff-leave.tsx	baa0f96 narrow file/hunk extraction	STAFF_PWA	Approved Staff V2 delta isolated without wholesale monolith ancestry	YES	YES (provisional; migration-blocked)	Staff PWA/branding	NONE	Leave
src/components/staff-pwa/staff-pay-hub-v2.module.css	baa0f96 narrow file/hunk extraction	STAFF_PWA	Approved Staff V2 delta isolated without wholesale monolith ancestry	NO	YES (provisional; migration-blocked)	Staff PWA/branding	NONE	Staff PWA
src/components/staff-pwa/staff-pay-hub-v2.tsx	baa0f96 narrow file/hunk extraction	STAFF_PWA	Approved Staff V2 delta isolated without wholesale monolith ancestry	NO	YES (provisional; migration-blocked)	Staff PWA/branding	NONE	Staff PWA
src/components/staff-pwa/staff-payslips-v2.module.css	baa0f96 narrow file/hunk extraction	STAFF_PWA	Approved Staff V2 delta isolated without wholesale monolith ancestry	NO	YES (provisional; migration-blocked)	Staff PWA/branding	NONE	Payslips
src/components/staff-pwa/staff-payslips-v2.tsx	baa0f96 narrow file/hunk extraction	STAFF_PWA	Approved Staff V2 delta isolated without wholesale monolith ancestry	NO	YES (provisional; migration-blocked)	Staff PWA/branding	NONE	Payslips
src/components/staff-pwa/staff-profile-v2.module.css	baa0f96 narrow file/hunk extraction	STAFF_PWA	Approved Staff V2 delta isolated without wholesale monolith ancestry	NO	YES (provisional; migration-blocked)	Staff PWA/branding	NONE	Profile / Workplace
src/components/staff-pwa/staff-profile.tsx	baa0f96 narrow file/hunk extraction	STAFF_PWA	Approved Staff V2 delta isolated without wholesale monolith ancestry	YES	YES (provisional; migration-blocked)	Staff PWA/branding	NONE	Profile / Workplace
src/components/staff-pwa/staff-pwa-chrome.tsx	baa0f96 narrow file/hunk extraction	STAFF_PWA	Approved Staff V2 delta isolated without wholesale monolith ancestry	YES	YES (provisional; migration-blocked)	Staff PWA/branding	NONE	Staff PWA
src/components/staff-pwa/staff-resolution-cases.tsx	baa0f96 narrow file/hunk extraction	STAFF_PWA	Approved Staff V2 delta isolated without wholesale monolith ancestry	YES	YES (provisional; migration-blocked)	Staff PWA/branding	NONE	Staff PWA
src/components/staff-pwa/staff-schedule-v2.module.css	baa0f96 narrow file/hunk extraction	STAFF_PWA	Approved Staff V2 delta isolated without wholesale monolith ancestry	NO	YES (provisional; migration-blocked)	Staff PWA/branding	NONE	Schedule
src/components/staff-pwa/staff-schedule-v2.tsx	baa0f96 narrow file/hunk extraction	STAFF_PWA	Approved Staff V2 delta isolated without wholesale monolith ancestry	NO	YES (provisional; migration-blocked)	Staff PWA/branding	NONE	Schedule
src/components/staff-pwa/staff-task-navigation.tsx	baa0f96 narrow file/hunk extraction	STAFF_PWA	Approved Staff V2 delta isolated without wholesale monolith ancestry	NO	YES (provisional; migration-blocked)	Staff PWA/branding	NONE	Staff PWA
src/components/staff-pwa/staff-time-hub-legacy-redirect.tsx	baa0f96 narrow file/hunk extraction	STAFF_PWA	Approved Staff V2 delta isolated without wholesale monolith ancestry	NO	YES (provisional; migration-blocked)	Staff PWA/branding	NONE	Staff PWA
src/components/staff-pwa/staff-time-hub.tsx	baa0f96 narrow file/hunk extraction	STAFF_PWA	Approved Staff V2 delta isolated without wholesale monolith ancestry	NO	YES (provisional; migration-blocked)	Staff PWA/branding	NONE	Staff PWA
src/components/staff-pwa/staff-timesheet-v2.module.css	baa0f96 narrow file/hunk extraction	STAFF_PWA	Approved Staff V2 delta isolated without wholesale monolith ancestry	NO	YES (provisional; migration-blocked)	Staff PWA/branding	NONE	Timesheet & OT
src/components/staff-pwa/staff-timesheet-v2.tsx	baa0f96 narrow file/hunk extraction	STAFF_PWA	Approved Staff V2 delta isolated without wholesale monolith ancestry	NO	YES (provisional; migration-blocked)	Staff PWA/branding	NONE	Timesheet & OT
src/components/staff-pwa/staff-today.tsx	baa0f96 narrow file/hunk extraction	STAFF_PWA	Approved Staff V2 delta isolated without wholesale monolith ancestry	YES	YES (provisional; migration-blocked)	Staff PWA/branding	NONE	Staff PWA
src/components/staff-pwa/staff-v2-primitives.tsx	baa0f96 narrow file/hunk extraction	STAFF_PWA	Approved Staff V2 delta isolated without wholesale monolith ancestry	NO	YES (provisional; migration-blocked)	Staff PWA/branding	NONE	Staff PWA
src/components/staff-pwa/staff-v2.module.css	baa0f96 narrow file/hunk extraction	STAFF_PWA	Approved Staff V2 delta isolated without wholesale monolith ancestry	NO	YES (provisional; migration-blocked)	Staff PWA/branding	NONE	Staff PWA
src/lib/attendance/employee-auth/otp-service.ts	baa0f96 narrow file/hunk extraction	STAFF_AUTH	Approved Staff V2 delta isolated without wholesale monolith ancestry	YES	YES (provisional; migration-blocked)	Staff auth/session	NONE	Attendance / Corrections
src/lib/attendance/employee-auth/response.ts	baa0f96 narrow file/hunk extraction	STAFF_AUTH	Approved Staff V2 delta isolated without wholesale monolith ancestry	YES	YES (provisional; migration-blocked)	Staff auth/session	NONE	Attendance / Corrections
src/lib/attendance/employee-correction-archive.ts	baa0f96 narrow file/hunk extraction	STAFF_SHARED_BACKEND	Approved Staff V2 delta isolated without wholesale monolith ancestry	NO	YES (provisional; migration-blocked)	shared Staff read/write path	NONE	Attendance / Corrections
src/lib/attendance/employee-timesheet.ts	baa0f96 narrow file/hunk extraction	STAFF_SHARED_BACKEND	Approved Staff V2 delta isolated without wholesale monolith ancestry	YES	YES (provisional; migration-blocked)	shared Staff read/write path	NONE	Timesheet & OT
src/lib/attendance/management-service.ts	baa0f96 narrow file/hunk extraction	STAFF_SHARED_BACKEND	Approved Staff V2 delta isolated without wholesale monolith ancestry	YES	YES (provisional; migration-blocked)	shared Staff read/write path	NONE	Attendance / Corrections
src/lib/attendance/overtime-service.ts	baa0f96 narrow file/hunk extraction	STAFF_SHARED_BACKEND	Approved Staff V2 delta isolated without wholesale monolith ancestry	YES	YES (provisional; migration-blocked)	shared Staff read/write path	NONE	Timesheet & OT
src/lib/attendance/p2-service.ts	baa0f96 narrow file/hunk extraction	STAFF_SHARED_BACKEND	Approved Staff V2 delta isolated without wholesale monolith ancestry	YES	YES (provisional; migration-blocked)	shared Staff read/write path	NONE	Attendance / Corrections
src/lib/attendance/punch-service.ts	baa0f96 narrow file/hunk extraction	STAFF_SHARED_BACKEND	Approved Staff V2 delta isolated without wholesale monolith ancestry	YES	YES (provisional; migration-blocked)	shared Staff read/write path	NONE	Attendance / Corrections
src/lib/attendance/read-service.ts	MANUAL_RECONCILIATION after baa0f96 extraction	STAFF_SHARED_BACKEND	Approved Staff V2 content reconciled against c75 baseline contracts/tests	YES	YES (provisional; migration-blocked)	shared Staff read/write path	NONE	Attendance / Corrections
src/lib/attendance/resolution-read-service.ts	baa0f96 narrow file/hunk extraction	STAFF_SHARED_BACKEND	Approved Staff V2 delta isolated without wholesale monolith ancestry	YES	YES (provisional; migration-blocked)	shared Staff read/write path	NONE	Attendance / Corrections
src/lib/claim/presentation.ts	baa0f96 narrow file/hunk extraction	STAFF_SHARED_BACKEND	Approved Staff V2 delta isolated without wholesale monolith ancestry	NO	YES (provisional; migration-blocked)	shared Staff read/write path	NONE	Claims
src/lib/claim/service.ts	MANUAL_RECONCILIATION after baa0f96 extraction	STAFF_SHARED_BACKEND	Approved Staff V2 content reconciled against c75 baseline contracts/tests	YES	YES (provisional; migration-blocked)	shared Staff read/write path	NONE	Claims
src/lib/commission/read.ts	baa0f96 narrow file/hunk extraction	STAFF_SHARED_BACKEND	Approved Staff V2 delta isolated without wholesale monolith ancestry	YES	YES (provisional; migration-blocked)	shared Staff read/write path	NONE	Commission
src/lib/payroll/payslip-publication.ts	MANUAL_RECONCILIATION after baa0f96 extraction	STAFF_SHARED_BACKEND	Approved Staff V2 content reconciled against c75 baseline contracts/tests	YES	YES (provisional; migration-blocked)	shared Staff read/write path	NONE	Payslips
src/lib/runtime-staff-app-logo.ts	baa0f96 narrow file/hunk extraction	STAFF_PWA	Approved Staff V2 delta isolated without wholesale monolith ancestry	YES	YES (provisional; migration-blocked)	Staff PWA/branding	NONE	Staff PWA
src/lib/staff-pwa/appearance-config.ts	baa0f96 narrow file/hunk extraction	STAFF_PWA	Approved Staff V2 delta isolated without wholesale monolith ancestry	YES	YES (provisional; migration-blocked)	Staff PWA/branding	NONE	Staff PWA
src/lib/staff-pwa/appearance.ts	baa0f96 narrow file/hunk extraction	STAFF_PWA	Approved Staff V2 delta isolated without wholesale monolith ancestry	YES	YES (provisional; migration-blocked)	Staff PWA/branding	NONE	Staff PWA
src/lib/staff-pwa/appointments.ts	baa0f96 narrow file/hunk extraction	STAFF_PWA	Approved Staff V2 delta isolated without wholesale monolith ancestry	YES	YES (provisional; migration-blocked)	Staff PWA/branding	NONE	Appointments
src/lib/staff-pwa/approval-history.ts	baa0f96 narrow file/hunk extraction	STAFF_PWA	Approved Staff V2 delta isolated without wholesale monolith ancestry	NO	YES (provisional; migration-blocked)	Staff PWA/branding	NONE	Approval Center
src/lib/staff-pwa/attendance-correction-eligibility.ts	MANUAL_RECONCILIATION after baa0f96 extraction	STAFF_PWA	Approved Staff V2 content reconciled against c75 baseline contracts/tests	NO	YES (provisional; migration-blocked)	Staff PWA/branding	NONE	Attendance / Corrections
src/lib/staff-pwa/attendance-corrections-v2.ts	baa0f96 narrow file/hunk extraction	STAFF_PWA	Approved Staff V2 delta isolated without wholesale monolith ancestry	NO	YES (provisional; migration-blocked)	Staff PWA/branding	NONE	Attendance / Corrections
src/lib/staff-pwa/attendance-history-v2.ts	baa0f96 narrow file/hunk extraction	STAFF_PWA	Approved Staff V2 delta isolated without wholesale monolith ancestry	NO	YES (provisional; migration-blocked)	Staff PWA/branding	NONE	Attendance / Corrections
src/lib/staff-pwa/client.ts	baa0f96 narrow file/hunk extraction	STAFF_PWA	Approved Staff V2 delta isolated without wholesale monolith ancestry	YES	YES (provisional; migration-blocked)	Staff PWA/branding	NONE	Staff PWA
src/lib/staff-pwa/commission-v2.ts	baa0f96 narrow file/hunk extraction	STAFF_PWA	Approved Staff V2 delta isolated without wholesale monolith ancestry	NO	YES (provisional; migration-blocked)	Staff PWA/branding	NONE	Commission
src/lib/staff-pwa/home.ts	baa0f96 narrow file/hunk extraction	STAFF_PWA	Approved Staff V2 delta isolated without wholesale monolith ancestry	YES	YES (provisional; migration-blocked)	Staff PWA/branding	NONE	Home
src/lib/staff-pwa/leave-v2.ts	baa0f96 narrow file/hunk extraction	STAFF_PWA	Approved Staff V2 delta isolated without wholesale monolith ancestry	NO	YES (provisional; migration-blocked)	Staff PWA/branding	NONE	Leave
src/lib/staff-pwa/navigation.ts	baa0f96 narrow file/hunk extraction	STAFF_PWA	Approved Staff V2 delta isolated without wholesale monolith ancestry	YES	YES (provisional; migration-blocked)	Staff PWA/branding	NONE	Staff PWA
src/lib/staff-pwa/overtime-approvals.ts	MANUAL_RECONCILIATION after baa0f96 extraction	STAFF_PWA	Approved Staff V2 content reconciled against c75 baseline contracts/tests	NO	YES (provisional; migration-blocked)	Staff PWA/branding	NONE	Timesheet & OT
src/lib/staff-pwa/profile-v2.ts	baa0f96 narrow file/hunk extraction	STAFF_PWA	Approved Staff V2 delta isolated without wholesale monolith ancestry	NO	YES (provisional; migration-blocked)	Staff PWA/branding	NONE	Profile / Workplace
src/lib/staff-pwa/requests-hub.ts	baa0f96 narrow file/hunk extraction	STAFF_PWA	Approved Staff V2 delta isolated without wholesale monolith ancestry	NO	YES (provisional; migration-blocked)	Staff PWA/branding	NONE	Staff PWA
src/lib/staff-pwa/schedule-v2.ts	baa0f96 narrow file/hunk extraction	STAFF_PWA	Approved Staff V2 delta isolated without wholesale monolith ancestry	NO	YES (provisional; migration-blocked)	Staff PWA/branding	NONE	Schedule
src/lib/staff-pwa/schedule.ts	baa0f96 narrow file/hunk extraction	STAFF_PWA	Approved Staff V2 delta isolated without wholesale monolith ancestry	YES	YES (provisional; migration-blocked)	Staff PWA/branding	NONE	Schedule
src/lib/staff-pwa/team-approvals.ts	baa0f96 narrow file/hunk extraction	STAFF_PWA	Approved Staff V2 delta isolated without wholesale monolith ancestry	YES	YES (provisional; migration-blocked)	Staff PWA/branding	NONE	Approval Center
src/lib/staff-pwa/time-hub.ts	baa0f96 narrow file/hunk extraction	STAFF_PWA	Approved Staff V2 delta isolated without wholesale monolith ancestry	NO	YES (provisional; migration-blocked)	Staff PWA/branding	NONE	Staff PWA
src/lib/staff-pwa/timesheet-v2.ts	baa0f96 narrow file/hunk extraction	STAFF_PWA	Approved Staff V2 delta isolated without wholesale monolith ancestry	NO	YES (provisional; migration-blocked)	Staff PWA/branding	NONE	Timesheet & OT
src/lib/staff-pwa/types.ts	MANUAL_RECONCILIATION after baa0f96 extraction	STAFF_PWA	Approved Staff V2 content reconciled against c75 baseline contracts/tests	YES	YES (provisional; migration-blocked)	Staff PWA/branding	NONE	Staff PWA
tests/integration/attendance-phase1c-services.test.ts	MANUAL_RECONCILIATION after baa0f96 extraction	STAFF_TEST	Approved Staff V2 content reconciled against c75 baseline contracts/tests	YES	YES (provisional; migration-blocked)	test-only	NONE	Attendance / Corrections
tests/integration/attendance-resolution-workflow.test.ts	MANUAL_RECONCILIATION after baa0f96 extraction	STAFF_TEST	Approved Staff V2 content reconciled against c75 baseline contracts/tests	YES	YES (provisional; migration-blocked)	test-only	NONE	Attendance / Corrections
tests/integration/employee-correction-archive.test.ts	baa0f96 narrow file/hunk extraction	STAFF_TEST	Approved Staff V2 delta isolated without wholesale monolith ancestry	NO	YES (provisional; migration-blocked)	test-only	NONE	Attendance / Corrections
tests/integration/staff-manager-p2-projection.test.ts	baa0f96 narrow file/hunk extraction	STAFF_TEST	Approved Staff V2 delta isolated without wholesale monolith ancestry	NO	YES (provisional; migration-blocked)	test-only	NONE	Staff regression
tests/integration/staff-pay-read-only-correctness.test.ts	baa0f96 narrow file/hunk extraction	STAFF_TEST	Approved Staff V2 delta isolated without wholesale monolith ancestry	NO	YES (provisional; migration-blocked)	test-only	NONE	Staff regression
tests/unit/claims-presentation.test.ts	baa0f96 narrow file/hunk extraction	STAFF_TEST	Approved Staff V2 delta isolated without wholesale monolith ancestry	NO	YES (provisional; migration-blocked)	test-only	NONE	Claims
tests/unit/employee-correction-archive.test.ts	baa0f96 narrow file/hunk extraction	STAFF_TEST	Approved Staff V2 delta isolated without wholesale monolith ancestry	NO	YES (provisional; migration-blocked)	test-only	NONE	Attendance / Corrections
tests/unit/employee-timesheet-projection.test.ts	baa0f96 narrow file/hunk extraction	STAFF_TEST	Approved Staff V2 delta isolated without wholesale monolith ancestry	NO	YES (provisional; migration-blocked)	test-only	NONE	Timesheet & OT
tests/unit/payroll-p4d-unified-workflow.test.ts	MANUAL_RECONCILIATION after baa0f96 extraction	STAFF_TEST	Approved Staff V2 content reconciled against c75 baseline contracts/tests	YES	YES (provisional; migration-blocked)	test-only	NONE	Pay
tests/unit/public-holiday-foundation.test.ts	baa0f96 narrow file/hunk extraction	STAFF_TEST	Approved Staff V2 delta isolated without wholesale monolith ancestry	YES	YES (provisional; migration-blocked)	test-only	NONE	Staff regression
tests/unit/roster-shift-scheduling-phase1.test.ts	baa0f96 narrow file/hunk extraction	STAFF_TEST	Approved Staff V2 delta isolated without wholesale monolith ancestry	YES	YES (provisional; migration-blocked)	test-only	NONE	Schedule
tests/unit/staff-android-home-manager-ux.test.ts	baa0f96 narrow file/hunk extraction	STAFF_TEST	Approved Staff V2 delta isolated without wholesale monolith ancestry	NO	YES (provisional; migration-blocked)	test-only	NONE	Home
tests/unit/staff-appointments.test.ts	baa0f96 narrow file/hunk extraction	STAFF_TEST	Approved Staff V2 delta isolated without wholesale monolith ancestry	YES	YES (provisional; migration-blocked)	test-only	NONE	Appointments
tests/unit/staff-approval-center-v2.test.ts	baa0f96 narrow file/hunk extraction	STAFF_TEST	Approved Staff V2 delta isolated without wholesale monolith ancestry	NO	YES (provisional; migration-blocked)	test-only	NONE	Approval Center
tests/unit/staff-approval-center-visual-v2.test.ts	baa0f96 narrow file/hunk extraction	STAFF_TEST	Approved Staff V2 delta isolated without wholesale monolith ancestry	NO	YES (provisional; migration-blocked)	test-only	NONE	Approval Center
tests/unit/staff-attendance-approval-consistency.test.ts	baa0f96 narrow file/hunk extraction	STAFF_TEST	Approved Staff V2 delta isolated without wholesale monolith ancestry	NO	YES (provisional; migration-blocked)	test-only	NONE	Attendance / Corrections
tests/unit/staff-attendance-corrections-v2.test.ts	baa0f96 narrow file/hunk extraction	STAFF_TEST	Approved Staff V2 delta isolated without wholesale monolith ancestry	NO	YES (provisional; migration-blocked)	test-only	NONE	Attendance / Corrections
tests/unit/staff-attendance-history-v2.test.ts	MANUAL_RECONCILIATION after baa0f96 extraction	STAFF_TEST	Approved Staff V2 content reconciled against c75 baseline contracts/tests	NO	YES (provisional; migration-blocked)	test-only	NONE	Attendance / Corrections
tests/unit/staff-attendance-history.test.ts	MANUAL_RECONCILIATION after baa0f96 extraction	STAFF_TEST	Approved Staff V2 content reconciled against c75 baseline contracts/tests	YES	YES (provisional; migration-blocked)	test-only	NONE	Attendance / Corrections
tests/unit/staff-browser-compatibility.test.ts	baa0f96 narrow file/hunk extraction	STAFF_TEST	Approved Staff V2 delta isolated without wholesale monolith ancestry	NO	YES (provisional; migration-blocked)	test-only	NONE	Staff regression
tests/unit/staff-claims-v2.test.ts	baa0f96 narrow file/hunk extraction	STAFF_TEST	Approved Staff V2 delta isolated without wholesale monolith ancestry	NO	YES (provisional; migration-blocked)	test-only	NONE	Claims
tests/unit/staff-commission-v2.test.ts	baa0f96 narrow file/hunk extraction	STAFF_TEST	Approved Staff V2 delta isolated without wholesale monolith ancestry	NO	YES (provisional; migration-blocked)	test-only	NONE	Commission
tests/unit/staff-employee-otp-delivery-lifecycle.test.ts	baa0f96 narrow file/hunk extraction	STAFF_TEST	Approved Staff V2 delta isolated without wholesale monolith ancestry	NO	YES (provisional; migration-blocked)	test-only	NONE	Auth / Session
tests/unit/staff-employee-otp-transaction-timeout.test.ts	baa0f96 narrow file/hunk extraction	STAFF_TEST	Approved Staff V2 delta isolated without wholesale monolith ancestry	NO	YES (provisional; migration-blocked)	test-only	NONE	Auth / Session
tests/unit/staff-history-correction-cta.test.ts	MANUAL_RECONCILIATION after baa0f96 extraction	STAFF_TEST	Approved Staff V2 content reconciled against c75 baseline contracts/tests	NO	YES (provisional; migration-blocked)	test-only	NONE	Attendance / Corrections
tests/unit/staff-home-v2.test.ts	baa0f96 narrow file/hunk extraction	STAFF_TEST	Approved Staff V2 delta isolated without wholesale monolith ancestry	NO	YES (provisional; migration-blocked)	test-only	NONE	Home
tests/unit/staff-leave-v2.test.ts	baa0f96 narrow file/hunk extraction	STAFF_TEST	Approved Staff V2 delta isolated without wholesale monolith ancestry	NO	YES (provisional; migration-blocked)	test-only	NONE	Leave
tests/unit/staff-manager-overtime-approval.test.ts	baa0f96 narrow file/hunk extraction	STAFF_TEST	Approved Staff V2 delta isolated without wholesale monolith ancestry	NO	YES (provisional; migration-blocked)	test-only	NONE	Timesheet & OT
tests/unit/staff-mobile-attendance-corrections.test.ts	baa0f96 narrow file/hunk extraction	STAFF_TEST	Approved Staff V2 delta isolated without wholesale monolith ancestry	NO	YES (provisional; migration-blocked)	test-only	NONE	Attendance / Corrections
tests/unit/staff-mobile-team-approvals.test.ts	baa0f96 narrow file/hunk extraction	STAFF_TEST	Approved Staff V2 delta isolated without wholesale monolith ancestry	YES	YES (provisional; migration-blocked)	test-only	NONE	Approval Center
tests/unit/staff-pay-hub-v2.test.ts	baa0f96 narrow file/hunk extraction	STAFF_TEST	Approved Staff V2 delta isolated without wholesale monolith ancestry	NO	YES (provisional; migration-blocked)	test-only	NONE	Staff regression
tests/unit/staff-pay-read-only-correctness.test.ts	baa0f96 narrow file/hunk extraction	STAFF_TEST	Approved Staff V2 delta isolated without wholesale monolith ancestry	NO	YES (provisional; migration-blocked)	test-only	NONE	Staff regression
tests/unit/staff-payslips-v2.test.ts	baa0f96 narrow file/hunk extraction	STAFF_TEST	Approved Staff V2 delta isolated without wholesale monolith ancestry	NO	YES (provisional; migration-blocked)	test-only	NONE	Payslips
tests/unit/staff-profile-v2-contract.test.ts	baa0f96 narrow file/hunk extraction	STAFF_TEST	Approved Staff V2 delta isolated without wholesale monolith ancestry	NO	YES (provisional; migration-blocked)	test-only	NONE	Profile / Workplace
tests/unit/staff-profile-v2.test.ts	baa0f96 narrow file/hunk extraction	STAFF_TEST	Approved Staff V2 delta isolated without wholesale monolith ancestry	NO	YES (provisional; migration-blocked)	test-only	NONE	Profile / Workplace
tests/unit/staff-pwa.test.ts	baa0f96 narrow file/hunk extraction	STAFF_TEST	Approved Staff V2 delta isolated without wholesale monolith ancestry	YES	YES (provisional; migration-blocked)	test-only	NONE	Staff PWA
tests/unit/staff-requests-hub-v2.test.ts	baa0f96 narrow file/hunk extraction	STAFF_TEST	Approved Staff V2 delta isolated without wholesale monolith ancestry	NO	YES (provisional; migration-blocked)	test-only	NONE	Staff regression
tests/unit/staff-schedule-v2.test.ts	baa0f96 narrow file/hunk extraction	STAFF_TEST	Approved Staff V2 delta isolated without wholesale monolith ancestry	NO	YES (provisional; migration-blocked)	test-only	NONE	Schedule
tests/unit/staff-surface.test.ts	MANUAL_RECONCILIATION after baa0f96 extraction	STAFF_TEST	Approved Staff V2 content reconciled against c75 baseline contracts/tests	YES	YES (provisional; migration-blocked)	test-only	NONE	Staff regression
tests/unit/staff-time-hub-v2.test.ts	baa0f96 narrow file/hunk extraction	STAFF_TEST	Approved Staff V2 delta isolated without wholesale monolith ancestry	NO	YES (provisional; migration-blocked)	test-only	NONE	Staff regression
tests/unit/staff-timesheet-v2.test.ts	baa0f96 narrow file/hunk extraction	STAFF_TEST	Approved Staff V2 delta isolated without wholesale monolith ancestry	NO	YES (provisional; migration-blocked)	test-only	NONE	Timesheet & OT
tests/unit/staff-timesheet.test.ts	MANUAL_RECONCILIATION after baa0f96 extraction	STAFF_TEST	Approved Staff V2 content reconciled against c75 baseline contracts/tests	YES	YES (provisional; migration-blocked)	test-only	NONE	Timesheet & OT
tests/unit/staff-twilio-verify.test.ts	baa0f96 narrow file/hunk extraction	STAFF_TEST	Approved Staff V2 delta isolated without wholesale monolith ancestry	NO	YES (provisional; migration-blocked)	test-only	NONE	Auth / Session
